{
  "HTTP-Request-5-50" : {
    "transaction" : "HTTP-Request-5-50",
    "sampleCount" : 5875,
    "errorCount" : 0,
    "errorPct" : 0.0,
    "meanResTime" : 1.6997446808510628,
    "medianResTime" : 2.0,
    "minResTime" : 1.0,
    "maxResTime" : 14.0,
    "pct1ResTime" : 2.0,
    "pct2ResTime" : 2.0,
    "pct3ResTime" : 3.0,
    "throughput" : 7.400213629996876,
    "receivedKBytesPerSec" : 371.79569396723565,
    "sentKBytesPerSec" : 0.8888928481343904
  },
  "HTTP-Request-4-50" : {
    "transaction" : "HTTP-Request-4-50",
    "sampleCount" : 5875,
    "errorCount" : 0,
    "errorPct" : 0.0,
    "meanResTime" : 1.6944680851063807,
    "medianResTime" : 2.0,
    "minResTime" : 1.0,
    "maxResTime" : 9.0,
    "pct1ResTime" : 2.0,
    "pct2ResTime" : 2.0,
    "pct3ResTime" : 3.0,
    "throughput" : 7.400204308619379,
    "receivedKBytesPerSec" : 371.7952256499426,
    "sentKBytesPerSec" : 0.8888917284767419
  },
  "HTTP-Request-1-50" : {
    "transaction" : "HTTP-Request-1-50",
    "sampleCount" : 5875,
    "errorCount" : 0,
    "errorPct" : 0.0,
    "meanResTime" : 1.6760851063829818,
    "medianResTime" : 2.0,
    "minResTime" : 1.0,
    "maxResTime" : 19.0,
    "pct1ResTime" : 2.0,
    "pct2ResTime" : 2.0,
    "pct3ResTime" : 3.0,
    "throughput" : 7.400111096135945,
    "receivedKBytesPerSec" : 371.7905425419004,
    "sentKBytesPerSec" : 0.8888805320553919
  },
  "HTTP-Request-6-500" : {
    "transaction" : "HTTP-Request-6-500",
    "sampleCount" : 5875,
    "errorCount" : 0,
    "errorPct" : 0.0,
    "meanResTime" : 10.817021276595709,
    "medianResTime" : 8.0,
    "minResTime" : 3.0,
    "maxResTime" : 111.0,
    "pct1ResTime" : 20.0,
    "pct2ResTime" : 27.0,
    "pct3ResTime" : 55.0,
    "throughput" : 7.40012041727862,
    "receivedKBytesPerSec" : 3701.859651982965,
    "sentKBytesPerSec" : 0.896108331779833
  },
  "HTTP-Request-2-50" : {
    "transaction" : "HTTP-Request-2-50",
    "sampleCount" : 5875,
    "errorCount" : 0,
    "errorPct" : 0.0,
    "meanResTime" : 1.6897021276595705,
    "medianResTime" : 2.0,
    "minResTime" : 1.0,
    "maxResTime" : 5.0,
    "pct1ResTime" : 2.0,
    "pct2ResTime" : 2.0,
    "pct3ResTime" : 3.0,
    "throughput" : 7.4001670233442205,
    "receivedKBytesPerSec" : 371.79335239256847,
    "sentKBytesPerSec" : 0.8888872498743546
  },
  "HTTP-Request-3-50" : {
    "transaction" : "HTTP-Request-3-50",
    "sampleCount" : 5875,
    "errorCount" : 0,
    "errorPct" : 0.0,
    "meanResTime" : 1.6944680851063838,
    "medianResTime" : 2.0,
    "minResTime" : 1.0,
    "maxResTime" : 10.0,
    "pct1ResTime" : 2.0,
    "pct2ResTime" : 2.0,
    "pct3ResTime" : 3.0,
    "throughput" : 7.400185665934835,
    "receivedKBytesPerSec" : 371.794289018896,
    "sentKBytesPerSec" : 0.888889489169907
  },
  "HTTP-Request-2-500" : {
    "transaction" : "HTTP-Request-2-500",
    "sampleCount" : 5875,
    "errorCount" : 0,
    "errorPct" : 0.0,
    "meanResTime" : 7.197957446808528,
    "medianResTime" : 6.0,
    "minResTime" : 3.0,
    "maxResTime" : 64.0,
    "pct1ResTime" : 12.0,
    "pct2ResTime" : 16.0,
    "pct3ResTime" : 31.0,
    "throughput" : 7.400073811800063,
    "receivedKBytesPerSec" : 3701.836337910909,
    "sentKBytesPerSec" : 0.8961026881476639
  },
  "HTTP-Request-4-500" : {
    "transaction" : "HTTP-Request-4-500",
    "sampleCount" : 5875,
    "errorCount" : 0,
    "errorPct" : 0.0,
    "meanResTime" : 6.5727659574468085,
    "medianResTime" : 6.0,
    "minResTime" : 3.0,
    "maxResTime" : 51.0,
    "pct1ResTime" : 9.0,
    "pct2ResTime" : 12.0,
    "pct3ResTime" : 17.0,
    "throughput" : 7.400148380847535,
    "receivedKBytesPerSec" : 3701.8736405671566,
    "sentKBytesPerSec" : 0.8961117179932561
  },
  "HTTP-Request-3-500" : {
    "transaction" : "HTTP-Request-3-500",
    "sampleCount" : 5875,
    "errorCount" : 0,
    "errorPct" : 0.0,
    "meanResTime" : 6.497191489361706,
    "medianResTime" : 6.0,
    "minResTime" : 3.0,
    "maxResTime" : 47.0,
    "pct1ResTime" : 9.0,
    "pct2ResTime" : 12.0,
    "pct3ResTime" : 18.0,
    "throughput" : 7.400148380847535,
    "receivedKBytesPerSec" : 3701.8736405671566,
    "sentKBytesPerSec" : 0.8961117179932561
  },
  "Total" : {
    "transaction" : "Total",
    "sampleCount" : 70500,
    "errorCount" : 0,
    "errorPct" : 0.0,
    "meanResTime" : 5.967035460992902,
    "medianResTime" : 4.0,
    "minResTime" : 1.0,
    "maxResTime" : 391.0,
    "pct1ResTime" : 8.0,
    "pct2ResTime" : 10.0,
    "pct3ResTime" : 17.0,
    "throughput" : 85.53904766526934,
    "receivedKBytesPerSec" : 26751.682805874138,
    "sentKBytesPerSec" : 10.323438125618036
  },
  "HTTP-Request-1-500" : {
    "transaction" : "HTTP-Request-1-500",
    "sampleCount" : 5875,
    "errorCount" : 0,
    "errorPct" : 0.0,
    "meanResTime" : 17.68919148936174,
    "medianResTime" : 5.0,
    "minResTime" : 3.0,
    "maxResTime" : 391.0,
    "pct1ResTime" : 15.400000000000546,
    "pct2ResTime" : 27.0,
    "pct3ResTime" : 345.0,
    "throughput" : 7.39799580423455,
    "receivedKBytesPerSec" : 3700.7968288313905,
    "sentKBytesPerSec" : 0.8958510544190275
  },
  "HTTP-Request-7-500" : {
    "transaction" : "HTTP-Request-7-500",
    "sampleCount" : 5875,
    "errorCount" : 0,
    "errorPct" : 0.0,
    "meanResTime" : 7.640340425531917,
    "medianResTime" : 5.0,
    "minResTime" : 2.0,
    "maxResTime" : 89.0,
    "pct1ResTime" : 15.0,
    "pct2ResTime" : 20.0,
    "pct3ResTime" : 44.0,
    "throughput" : 7.400157702084137,
    "receivedKBytesPerSec" : 3701.8783034520475,
    "sentKBytesPerSec" : 0.8961128467367508
  },
  "HTTP-Request-5-500" : {
    "transaction" : "HTTP-Request-5-500",
    "sampleCount" : 5875,
    "errorCount" : 0,
    "errorPct" : 0.0,
    "meanResTime" : 6.735489361702119,
    "medianResTime" : 6.0,
    "minResTime" : 3.0,
    "maxResTime" : 28.0,
    "pct1ResTime" : 10.0,
    "pct2ResTime" : 13.0,
    "pct3ResTime" : 19.0,
    "throughput" : 7.4001670233442205,
    "receivedKBytesPerSec" : 3701.8829663486854,
    "sentKBytesPerSec" : 0.8961139754830892
  }
}