{
  "HTTP-Request-5-50" : {
    "transaction" : "HTTP-Request-5-50",
    "sampleCount" : 6000,
    "errorCount" : 0,
    "errorPct" : 0.0,
    "meanResTime" : 1.6921666666666657,
    "medianResTime" : 2.0,
    "minResTime" : 1.0,
    "maxResTime" : 9.0,
    "pct1ResTime" : 2.0,
    "pct2ResTime" : 2.0,
    "pct3ResTime" : 3.0,
    "throughput" : 7.556665545761277,
    "receivedKBytesPerSec" : 379.6560276687309,
    "sentKBytesPerSec" : 0.9076854122349972
  },
  "HTTP-Request-4-50" : {
    "transaction" : "HTTP-Request-4-50",
    "sampleCount" : 6000,
    "errorCount" : 0,
    "errorPct" : 0.0,
    "meanResTime" : 1.7073333333333338,
    "medianResTime" : 2.0,
    "minResTime" : 1.0,
    "maxResTime" : 23.0,
    "pct1ResTime" : 2.0,
    "pct2ResTime" : 2.0,
    "pct3ResTime" : 3.0,
    "throughput" : 7.55688444767991,
    "receivedKBytesPerSec" : 379.6670255661996,
    "sentKBytesPerSec" : 0.9077117061178018
  },
  "HTTP-Request-1-50" : {
    "transaction" : "HTTP-Request-1-50",
    "sampleCount" : 6000,
    "errorCount" : 0,
    "errorPct" : 0.0,
    "meanResTime" : 1.7166666666666612,
    "medianResTime" : 2.0,
    "minResTime" : 1.0,
    "maxResTime" : 21.0,
    "pct1ResTime" : 2.0,
    "pct2ResTime" : 2.0,
    "pct3ResTime" : 3.0,
    "throughput" : 7.556998662411237,
    "receivedKBytesPerSec" : 379.6727638526083,
    "sentKBytesPerSec" : 0.9077254252700997
  },
  "HTTP-Request-6-500" : {
    "transaction" : "HTTP-Request-6-500",
    "sampleCount" : 6000,
    "errorCount" : 0,
    "errorPct" : 0.0,
    "meanResTime" : 11.615999999999946,
    "medianResTime" : 8.0,
    "minResTime" : 3.0,
    "maxResTime" : 266.0,
    "pct1ResTime" : 21.0,
    "pct2ResTime" : 32.0,
    "pct3ResTime" : 58.0,
    "throughput" : 7.5566465114111665,
    "receivedKBytesPerSec" : 3780.160760570174,
    "sentKBytesPerSec" : 0.9150626634911958
  },
  "HTTP-Request-2-50" : {
    "transaction" : "HTTP-Request-2-50",
    "sampleCount" : 6000,
    "errorCount" : 0,
    "errorPct" : 0.0,
    "meanResTime" : 1.7473333333333316,
    "medianResTime" : 2.0,
    "minResTime" : 1.0,
    "maxResTime" : 17.0,
    "pct1ResTime" : 2.0,
    "pct2ResTime" : 2.0,
    "pct3ResTime" : 4.989999999999782,
    "throughput" : 7.557027216633521,
    "receivedKBytesPerSec" : 379.67419845131326,
    "sentKBytesPerSec" : 0.9077288551229717
  },
  "HTTP-Request-3-50" : {
    "transaction" : "HTTP-Request-3-50",
    "sampleCount" : 6000,
    "errorCount" : 0,
    "errorPct" : 0.0,
    "meanResTime" : 1.7010000000000003,
    "medianResTime" : 2.0,
    "minResTime" : 1.0,
    "maxResTime" : 11.0,
    "pct1ResTime" : 2.0,
    "pct2ResTime" : 2.0,
    "pct3ResTime" : 3.0,
    "throughput" : 7.557036734755568,
    "receivedKBytesPerSec" : 379.6746766532907,
    "sentKBytesPerSec" : 0.9077299984130223
  },
  "HTTP-Request-2-500" : {
    "transaction" : "HTTP-Request-2-500",
    "sampleCount" : 6000,
    "errorCount" : 0,
    "errorPct" : 0.0,
    "meanResTime" : 7.361666666666681,
    "medianResTime" : 6.0,
    "minResTime" : 3.0,
    "maxResTime" : 58.0,
    "pct1ResTime" : 12.0,
    "pct2ResTime" : 16.0,
    "pct3ResTime" : 40.0,
    "throughput" : 7.556989144385094,
    "receivedKBytesPerSec" : 3780.3321603731642,
    "sentKBytesPerSec" : 0.9151041542028825
  },
  "HTTP-Request-4-500" : {
    "transaction" : "HTTP-Request-4-500",
    "sampleCount" : 6000,
    "errorCount" : 0,
    "errorPct" : 0.0,
    "meanResTime" : 6.689666666666661,
    "medianResTime" : 6.0,
    "minResTime" : 3.0,
    "maxResTime" : 35.0,
    "pct1ResTime" : 9.0,
    "pct2ResTime" : 13.0,
    "pct3ResTime" : 21.0,
    "throughput" : 7.556855894536519,
    "receivedKBytesPerSec" : 3780.265503047302,
    "sentKBytesPerSec" : 0.9150880184790317
  },
  "HTTP-Request-3-500" : {
    "transaction" : "HTTP-Request-3-500",
    "sampleCount" : 6000,
    "errorCount" : 0,
    "errorPct" : 0.0,
    "meanResTime" : 6.984666666666647,
    "medianResTime" : 6.0,
    "minResTime" : 3.0,
    "maxResTime" : 35.0,
    "pct1ResTime" : 11.0,
    "pct2ResTime" : 14.0,
    "pct3ResTime" : 26.98999999999978,
    "throughput" : 7.55701769853545,
    "receivedKBytesPerSec" : 3780.346444391685,
    "sentKBytesPerSec" : 0.915107611932027
  },
  "Total" : {
    "transaction" : "Total",
    "sampleCount" : 72000,
    "errorCount" : 0,
    "errorPct" : 0.0,
    "meanResTime" : 6.182708333333327,
    "medianResTime" : 4.0,
    "minResTime" : 1.0,
    "maxResTime" : 401.0,
    "pct1ResTime" : 8.0,
    "pct2ResTime" : 10.0,
    "pct3ResTime" : 17.0,
    "throughput" : 87.3494889448303,
    "receivedKBytesPerSec" : 27317.884466652515,
    "sentKBytesPerSec" : 10.541934578872343
  },
  "HTTP-Request-1-500" : {
    "transaction" : "HTTP-Request-1-500",
    "sampleCount" : 6000,
    "errorCount" : 0,
    "errorPct" : 0.0,
    "meanResTime" : 17.798333333333435,
    "medianResTime" : 5.0,
    "minResTime" : 3.0,
    "maxResTime" : 401.0,
    "pct1ResTime" : 15.0,
    "pct2ResTime" : 24.0,
    "pct3ResTime" : 344.9899999999998,
    "throughput" : 7.554819660159029,
    "receivedKBytesPerSec" : 3779.2468907195334,
    "sentKBytesPerSec" : 0.9148414432223824
  },
  "HTTP-Request-7-500" : {
    "transaction" : "HTTP-Request-7-500",
    "sampleCount" : 6000,
    "errorCount" : 0,
    "errorPct" : 0.0,
    "meanResTime" : 8.134000000000018,
    "medianResTime" : 5.0,
    "minResTime" : 1.0,
    "maxResTime" : 272.0,
    "pct1ResTime" : 16.0,
    "pct2ResTime" : 21.0,
    "pct3ResTime" : 46.98999999999978,
    "throughput" : 7.556675062972292,
    "receivedKBytesPerSec" : 3780.175043293451,
    "sentKBytesPerSec" : 0.9150661209068011
  },
  "HTTP-Request-5-500" : {
    "transaction" : "HTTP-Request-5-500",
    "sampleCount" : 6000,
    "errorCount" : 0,
    "errorPct" : 0.0,
    "meanResTime" : 7.0436666666666685,
    "medianResTime" : 6.0,
    "minResTime" : 3.0,
    "maxResTime" : 60.0,
    "pct1ResTime" : 10.0,
    "pct2ResTime" : 14.0,
    "pct3ResTime" : 23.98999999999978,
    "throughput" : 7.556627477156945,
    "receivedKBytesPerSec" : 3780.151238814617,
    "sentKBytesPerSec" : 0.9150603585619738
  }
}