{
  "HTTP-Request-5-50" : {
    "transaction" : "HTTP-Request-5-50",
    "sampleCount" : 5625,
    "errorCount" : 0,
    "errorPct" : 0.0,
    "meanResTime" : 1.697422222222221,
    "medianResTime" : 2.0,
    "minResTime" : 1.0,
    "maxResTime" : 7.0,
    "pct1ResTime" : 2.0,
    "pct2ResTime" : 2.0,
    "pct3ResTime" : 3.0,
    "throughput" : 7.085230600638615,
    "receivedKBytesPerSec" : 355.9705651475145,
    "sentKBytesPerSec" : 0.8510579725376463
  },
  "HTTP-Request-4-50" : {
    "transaction" : "HTTP-Request-4-50",
    "sampleCount" : 5625,
    "errorCount" : 0,
    "errorPct" : 0.0,
    "meanResTime" : 1.668799999999998,
    "medianResTime" : 2.0,
    "minResTime" : 1.0,
    "maxResTime" : 6.0,
    "pct1ResTime" : 2.0,
    "pct2ResTime" : 2.0,
    "pct3ResTime" : 3.0,
    "throughput" : 7.085239525181886,
    "receivedKBytesPerSec" : 355.9710135273755,
    "sentKBytesPerSec" : 0.8510590445286835
  },
  "HTTP-Request-1-50" : {
    "transaction" : "HTTP-Request-1-50",
    "sampleCount" : 5625,
    "errorCount" : 0,
    "errorPct" : 0.0,
    "meanResTime" : 1.6894222222222255,
    "medianResTime" : 2.0,
    "minResTime" : 1.0,
    "maxResTime" : 8.0,
    "pct1ResTime" : 2.0,
    "pct2ResTime" : 2.0,
    "pct3ResTime" : 3.0,
    "throughput" : 7.085239525181886,
    "receivedKBytesPerSec" : 355.9710135273755,
    "sentKBytesPerSec" : 0.8510590445286835
  },
  "HTTP-Request-6-500" : {
    "transaction" : "HTTP-Request-6-500",
    "sampleCount" : 5625,
    "errorCount" : 0,
    "errorPct" : 0.0,
    "meanResTime" : 9.444444444444494,
    "medianResTime" : 7.0,
    "minResTime" : 3.0,
    "maxResTime" : 70.0,
    "pct1ResTime" : 17.0,
    "pct2ResTime" : 22.0,
    "pct3ResTime" : 38.0,
    "throughput" : 7.085221676117827,
    "receivedKBytesPerSec" : 3544.333709345392,
    "sentKBytesPerSec" : 0.8579760623423932
  },
  "HTTP-Request-2-50" : {
    "transaction" : "HTTP-Request-2-50",
    "sampleCount" : 5625,
    "errorCount" : 0,
    "errorPct" : 0.0,
    "meanResTime" : 1.701511111111112,
    "medianResTime" : 2.0,
    "minResTime" : 1.0,
    "maxResTime" : 17.0,
    "pct1ResTime" : 2.0,
    "pct2ResTime" : 2.0,
    "pct3ResTime" : 3.0,
    "throughput" : 7.085257374335875,
    "receivedKBytesPerSec" : 355.9719102904861,
    "sentKBytesPerSec" : 0.8510611885188599
  },
  "HTTP-Request-3-50" : {
    "transaction" : "HTTP-Request-3-50",
    "sampleCount" : 5625,
    "errorCount" : 0,
    "errorPct" : 0.0,
    "meanResTime" : 1.6727111111111093,
    "medianResTime" : 2.0,
    "minResTime" : 1.0,
    "maxResTime" : 6.0,
    "pct1ResTime" : 2.0,
    "pct2ResTime" : 2.0,
    "pct3ResTime" : 3.0,
    "throughput" : 7.085248449747639,
    "receivedKBytesPerSec" : 355.971461908366,
    "sentKBytesPerSec" : 0.8510601165224215
  },
  "HTTP-Request-2-500" : {
    "transaction" : "HTTP-Request-2-500",
    "sampleCount" : 5625,
    "errorCount" : 0,
    "errorPct" : 0.0,
    "meanResTime" : 6.668088888888899,
    "medianResTime" : 5.0,
    "minResTime" : 3.0,
    "maxResTime" : 48.0,
    "pct1ResTime" : 10.0,
    "pct2ResTime" : 15.0,
    "pct3ResTime" : 25.0,
    "throughput" : 7.0852127516195225,
    "receivedKBytesPerSec" : 3544.3292449261216,
    "sentKBytesPerSec" : 0.8579749816414265
  },
  "HTTP-Request-4-500" : {
    "transaction" : "HTTP-Request-4-500",
    "sampleCount" : 5625,
    "errorCount" : 0,
    "errorPct" : 0.0,
    "meanResTime" : 6.609599999999987,
    "medianResTime" : 6.0,
    "minResTime" : 3.0,
    "maxResTime" : 32.0,
    "pct1ResTime" : 10.0,
    "pct2ResTime" : 14.0,
    "pct3ResTime" : 19.0,
    "throughput" : 7.085221676117827,
    "receivedKBytesPerSec" : 3544.333709345392,
    "sentKBytesPerSec" : 0.8579760623423932
  },
  "HTTP-Request-3-500" : {
    "transaction" : "HTTP-Request-3-500",
    "sampleCount" : 5625,
    "errorCount" : 0,
    "errorPct" : 0.0,
    "meanResTime" : 6.581866666666667,
    "medianResTime" : 6.0,
    "minResTime" : 3.0,
    "maxResTime" : 26.0,
    "pct1ResTime" : 10.0,
    "pct2ResTime" : 14.0,
    "pct3ResTime" : 18.0,
    "throughput" : 7.085230600638615,
    "receivedKBytesPerSec" : 3544.3381737759087,
    "sentKBytesPerSec" : 0.8579771430460824
  },
  "Total" : {
    "transaction" : "Total",
    "sampleCount" : 67500,
    "errorCount" : 0,
    "errorPct" : 0.0,
    "meanResTime" : 5.754755555555502,
    "medianResTime" : 4.0,
    "minResTime" : 1.0,
    "maxResTime" : 472.0,
    "pct1ResTime" : 8.0,
    "pct2ResTime" : 10.0,
    "pct3ResTime" : 16.0,
    "throughput" : 81.89908819015149,
    "receivedKBytesPerSec" : 25613.31332477311,
    "sentKBytesPerSec" : 9.884142886230034
  },
  "HTTP-Request-1-500" : {
    "transaction" : "HTTP-Request-1-500",
    "sampleCount" : 5625,
    "errorCount" : 0,
    "errorPct" : 0.0,
    "meanResTime" : 18.365155555555525,
    "medianResTime" : 5.0,
    "minResTime" : 3.0,
    "maxResTime" : 472.0,
    "pct1ResTime" : 13.0,
    "pct2ResTime" : 21.0,
    "pct3ResTime" : 393.7399999999998,
    "throughput" : 7.083098279405247,
    "receivedKBytesPerSec" : 3543.27149465533,
    "sentKBytesPerSec" : 0.857718932271729
  },
  "HTTP-Request-7-500" : {
    "transaction" : "HTTP-Request-7-500",
    "sampleCount" : 5625,
    "errorCount" : 0,
    "errorPct" : 0.0,
    "meanResTime" : 6.474666666666675,
    "medianResTime" : 5.0,
    "minResTime" : 2.0,
    "maxResTime" : 67.0,
    "pct1ResTime" : 12.0,
    "pct2ResTime" : 16.0,
    "pct3ResTime" : 26.0,
    "throughput" : 7.085230600638615,
    "receivedKBytesPerSec" : 3544.3381737759087,
    "sentKBytesPerSec" : 0.8579771430460824
  },
  "HTTP-Request-5-500" : {
    "transaction" : "HTTP-Request-5-500",
    "sampleCount" : 5625,
    "errorCount" : 0,
    "errorPct" : 0.0,
    "meanResTime" : 6.483377777777778,
    "medianResTime" : 6.0,
    "minResTime" : 3.0,
    "maxResTime" : 30.0,
    "pct1ResTime" : 9.0,
    "pct2ResTime" : 12.0,
    "pct3ResTime" : 17.0,
    "throughput" : 7.085203827143699,
    "receivedKBytesPerSec" : 3544.3247805180986,
    "sentKBytesPerSec" : 0.8579739009431823
  }
}