{
  "HTTP-Request-5-50" : {
    "transaction" : "HTTP-Request-5-50",
    "sampleCount" : 5750,
    "errorCount" : 0,
    "errorPct" : 0.0,
    "meanResTime" : 1.7206956521739132,
    "medianResTime" : 2.0,
    "minResTime" : 1.0,
    "maxResTime" : 8.0,
    "pct1ResTime" : 2.0,
    "pct2ResTime" : 2.0,
    "pct3ResTime" : 3.0,
    "throughput" : 7.24219669050504,
    "receivedKBytesPerSec" : 363.85673157852807,
    "sentKBytesPerSec" : 0.8699122977852733
  },
  "HTTP-Request-4-50" : {
    "transaction" : "HTTP-Request-4-50",
    "sampleCount" : 5750,
    "errorCount" : 0,
    "errorPct" : 0.0,
    "meanResTime" : 1.6987826086956554,
    "medianResTime" : 2.0,
    "minResTime" : 1.0,
    "maxResTime" : 7.0,
    "pct1ResTime" : 2.0,
    "pct2ResTime" : 2.0,
    "pct3ResTime" : 3.0,
    "throughput" : 7.242169325697358,
    "receivedKBytesPerSec" : 363.8553567374531,
    "sentKBytesPerSec" : 0.8699090108015382
  },
  "HTTP-Request-1-50" : {
    "transaction" : "HTTP-Request-1-50",
    "sampleCount" : 5750,
    "errorCount" : 0,
    "errorPct" : 0.0,
    "meanResTime" : 1.7890434782608675,
    "medianResTime" : 2.0,
    "minResTime" : 1.0,
    "maxResTime" : 33.0,
    "pct1ResTime" : 2.0,
    "pct2ResTime" : 2.0,
    "pct3ResTime" : 3.0,
    "throughput" : 7.2420872325150825,
    "receivedKBytesPerSec" : 363.85123227656584,
    "sentKBytesPerSec" : 0.8698991499993702
  },
  "HTTP-Request-6-500" : {
    "transaction" : "HTTP-Request-6-500",
    "sampleCount" : 5750,
    "errorCount" : 0,
    "errorPct" : 0.0,
    "meanResTime" : 9.510086956521718,
    "medianResTime" : 7.0,
    "minResTime" : 3.0,
    "maxResTime" : 118.0,
    "pct1ResTime" : 17.0,
    "pct2ResTime" : 23.0,
    "pct3ResTime" : 49.0,
    "throughput" : 7.242123718144102,
    "receivedKBytesPerSec" : 3622.8228832964824,
    "sentKBytesPerSec" : 0.8769759189940123
  },
  "HTTP-Request-2-50" : {
    "transaction" : "HTTP-Request-2-50",
    "sampleCount" : 5750,
    "errorCount" : 0,
    "errorPct" : 0.0,
    "meanResTime" : 1.7273043478260917,
    "medianResTime" : 2.0,
    "minResTime" : 1.0,
    "maxResTime" : 9.0,
    "pct1ResTime" : 2.0,
    "pct2ResTime" : 2.0,
    "pct3ResTime" : 3.0,
    "throughput" : 7.242141961096473,
    "receivedKBytesPerSec" : 363.8539819067678,
    "sentKBytesPerSec" : 0.8699057238426426
  },
  "HTTP-Request-3-50" : {
    "transaction" : "HTTP-Request-3-50",
    "sampleCount" : 5750,
    "errorCount" : 0,
    "errorPct" : 0.0,
    "meanResTime" : 1.7241739130434781,
    "medianResTime" : 2.0,
    "minResTime" : 1.0,
    "maxResTime" : 7.0,
    "pct1ResTime" : 2.0,
    "pct2ResTime" : 2.0,
    "pct3ResTime" : 3.0,
    "throughput" : 7.242169325697358,
    "receivedKBytesPerSec" : 363.8553567374531,
    "sentKBytesPerSec" : 0.8699090108015382
  },
  "HTTP-Request-2-500" : {
    "transaction" : "HTTP-Request-2-500",
    "sampleCount" : 5750,
    "errorCount" : 0,
    "errorPct" : 0.0,
    "meanResTime" : 8.426956521739168,
    "medianResTime" : 5.0,
    "minResTime" : 3.0,
    "maxResTime" : 152.0,
    "pct1ResTime" : 12.0,
    "pct2ResTime" : 19.0,
    "pct3ResTime" : 83.0,
    "throughput" : 7.242068989838432,
    "receivedKBytesPerSec" : 3622.7955058356906,
    "sentKBytesPerSec" : 0.8769692917382477
  },
  "HTTP-Request-4-500" : {
    "transaction" : "HTTP-Request-4-500",
    "sampleCount" : 5750,
    "errorCount" : 0,
    "errorPct" : 0.0,
    "meanResTime" : 6.69200000000001,
    "medianResTime" : 6.0,
    "minResTime" : 3.0,
    "maxResTime" : 35.0,
    "pct1ResTime" : 10.0,
    "pct2ResTime" : 13.0,
    "pct3ResTime" : 19.0,
    "throughput" : 7.242132839608799,
    "receivedKBytesPerSec" : 3622.827446246843,
    "sentKBytesPerSec" : 0.876977023546378
  },
  "HTTP-Request-3-500" : {
    "transaction" : "HTTP-Request-3-500",
    "sampleCount" : 5750,
    "errorCount" : 0,
    "errorPct" : 0.0,
    "meanResTime" : 7.003652173913052,
    "medianResTime" : 6.0,
    "minResTime" : 3.0,
    "maxResTime" : 74.0,
    "pct1ResTime" : 10.0,
    "pct2ResTime" : 15.0,
    "pct3ResTime" : 21.48999999999978,
    "throughput" : 7.242132839608799,
    "receivedKBytesPerSec" : 3622.827446246843,
    "sentKBytesPerSec" : 0.876977023546378
  },
  "Total" : {
    "transaction" : "Total",
    "sampleCount" : 69000,
    "errorCount" : 0,
    "errorPct" : 0.0,
    "meanResTime" : 6.122869565217394,
    "medianResTime" : 4.0,
    "minResTime" : 1.0,
    "maxResTime" : 452.0,
    "pct1ResTime" : 8.0,
    "pct2ResTime" : 10.0,
    "pct3ResTime" : 18.0,
    "throughput" : 83.70556023282278,
    "receivedKBytesPerSec" : 26178.273637077862,
    "sentKBytesPerSec" : 10.102160304791354
  },
  "HTTP-Request-1-500" : {
    "transaction" : "HTTP-Request-1-500",
    "sampleCount" : 5750,
    "errorCount" : 0,
    "errorPct" : 0.0,
    "meanResTime" : 19.766260869565222,
    "medianResTime" : 5.0,
    "minResTime" : 3.0,
    "maxResTime" : 452.0,
    "pct1ResTime" : 13.0,
    "pct2ResTime" : 22.0,
    "pct3ResTime" : 374.97999999999956,
    "throughput" : 7.239324514367226,
    "receivedKBytesPerSec" : 3621.4226007422826,
    "sentKBytesPerSec" : 0.8766369529116563
  },
  "HTTP-Request-7-500" : {
    "transaction" : "HTTP-Request-7-500",
    "sampleCount" : 5750,
    "errorCount" : 0,
    "errorPct" : 0.0,
    "meanResTime" : 6.582260869565202,
    "medianResTime" : 5.0,
    "minResTime" : 2.0,
    "maxResTime" : 237.0,
    "pct1ResTime" : 12.0,
    "pct2ResTime" : 18.0,
    "pct3ResTime" : 36.48999999999978,
    "throughput" : 7.242141961096473,
    "receivedKBytesPerSec" : 3622.8320092086983,
    "sentKBytesPerSec" : 0.876978128101526
  },
  "HTTP-Request-5-500" : {
    "transaction" : "HTTP-Request-5-500",
    "sampleCount" : 5750,
    "errorCount" : 0,
    "errorPct" : 0.0,
    "meanResTime" : 6.833217391304357,
    "medianResTime" : 6.0,
    "minResTime" : 3.0,
    "maxResTime" : 26.0,
    "pct1ResTime" : 10.0,
    "pct2ResTime" : 14.0,
    "pct3ResTime" : 19.0,
    "throughput" : 7.242151082607124,
    "receivedKBytesPerSec" : 3622.836572182048,
    "sentKBytesPerSec" : 0.8769792326594564
  }
}